{
  "review_id": "r05_archontakis_ics_copd",
  "description": "evaluation_v2 with post-processing normalizations and PubMed author injection",
  "fixes_applied": [
    "Phase normalization: arabic numerals -> roman numerals (e.g., '2' -> 'II')",
    "Phase matching: strict equality (no substring matching)",
    "Dose normalization: mg/kg/d -> mg/kg/day, BID -> twice daily, <= -> up to",
    "Author metadata injection: first_author from PubMed authors[0] instead of LLM extraction",
    "Ground-truth corrections (if any) are defined per-review in the review's ground_truth.json"
  ],
  "baseline_accuracy": {
    "gpt-4o-mini": 0.5537190082644629,
    "llama-3.3-70b": 0.5371900826446281,
    "qwen-3-235b": 0.6198347107438017,
    "deepseek-v3": 0.6115702479338843
  },
  "fixed_accuracy": {
    "gpt-4o-mini": 0.6446280991735537,
    "llama-3.3-70b": 0.628099173553719,
    "qwen-3-235b": 0.7107438016528925,
    "deepseek-v3": 0.6859504132231405
  },
  "baseline_field_scores": {
    "first_author": {
      "gpt-4o-mini": 0.0,
      "llama-3.3-70b": 0.0,
      "qwen-3-235b": 0.0,
      "deepseek-v3": 0.18181818181818182
    },
    "year": {
      "gpt-4o-mini": 1.0,
      "llama-3.3-70b": 1.0,
      "qwen-3-235b": 1.0,
      "deepseek-v3": 1.0
    },
    "phase": {
      "gpt-4o-mini": 0.6363636363636364,
      "llama-3.3-70b": 0.5454545454545454,
      "qwen-3-235b": 0.9090909090909091,
      "deepseek-v3": 0.6363636363636364
    },
    "n_total": {
      "gpt-4o-mini": 0.9090909090909091,
      "llama-3.3-70b": 0.9090909090909091,
      "qwen-3-235b": 0.9090909090909091,
      "deepseek-v3": 0.9090909090909091
    },
    "n_active": {
      "gpt-4o-mini": 0.0,
      "llama-3.3-70b": 0.0,
      "qwen-3-235b": 0.0,
      "deepseek-v3": 0.0
    },
    "n_placebo": {
      "gpt-4o-mini": 0.18181818181818182,
      "llama-3.3-70b": 0.09090909090909091,
      "qwen-3-235b": 0.5454545454545454,
      "deepseek-v3": 0.45454545454545453
    },
    "age_range_years": {
      "gpt-4o-mini": 0.5454545454545454,
      "llama-3.3-70b": 0.7272727272727273,
      "qwen-3-235b": 0.5454545454545454,
      "deepseek-v3": 0.6363636363636364
    },
    "intervention": {
      "gpt-4o-mini": 1.0,
      "llama-3.3-70b": 1.0,
      "qwen-3-235b": 1.0,
      "deepseek-v3": 1.0
    },
    "dose": {
      "gpt-4o-mini": 0.2727272727272727,
      "llama-3.3-70b": 0.09090909090909091,
      "qwen-3-235b": 0.18181818181818182,
      "deepseek-v3": 0.09090909090909091
    },
    "primary_efficacy_outcome": {
      "gpt-4o-mini": 0.5454545454545454,
      "llama-3.3-70b": 0.5454545454545454,
      "qwen-3-235b": 0.7272727272727273,
      "deepseek-v3": 0.8181818181818182
    },
    "maintenance_weeks_ge_12": {
      "gpt-4o-mini": 1.0,
      "llama-3.3-70b": 1.0,
      "qwen-3-235b": 1.0,
      "deepseek-v3": 1.0
    }
  },
  "fixed_field_scores": {
    "first_author": {
      "gpt-4o-mini": 1.0,
      "llama-3.3-70b": 1.0,
      "qwen-3-235b": 1.0,
      "deepseek-v3": 1.0
    },
    "year": {
      "gpt-4o-mini": 1.0,
      "llama-3.3-70b": 1.0,
      "qwen-3-235b": 1.0,
      "deepseek-v3": 1.0
    },
    "phase": {
      "gpt-4o-mini": 0.6363636363636364,
      "llama-3.3-70b": 0.5454545454545454,
      "qwen-3-235b": 0.9090909090909091,
      "deepseek-v3": 0.6363636363636364
    },
    "n_total": {
      "gpt-4o-mini": 0.9090909090909091,
      "llama-3.3-70b": 0.9090909090909091,
      "qwen-3-235b": 0.9090909090909091,
      "deepseek-v3": 0.9090909090909091
    },
    "n_active": {
      "gpt-4o-mini": 0.0,
      "llama-3.3-70b": 0.0,
      "qwen-3-235b": 0.0,
      "deepseek-v3": 0.0
    },
    "n_placebo": {
      "gpt-4o-mini": 0.18181818181818182,
      "llama-3.3-70b": 0.09090909090909091,
      "qwen-3-235b": 0.5454545454545454,
      "deepseek-v3": 0.45454545454545453
    },
    "age_range_years": {
      "gpt-4o-mini": 0.5454545454545454,
      "llama-3.3-70b": 0.7272727272727273,
      "qwen-3-235b": 0.5454545454545454,
      "deepseek-v3": 0.6363636363636364
    },
    "intervention": {
      "gpt-4o-mini": 1.0,
      "llama-3.3-70b": 1.0,
      "qwen-3-235b": 1.0,
      "deepseek-v3": 1.0
    },
    "dose": {
      "gpt-4o-mini": 0.2727272727272727,
      "llama-3.3-70b": 0.09090909090909091,
      "qwen-3-235b": 0.18181818181818182,
      "deepseek-v3": 0.09090909090909091
    },
    "primary_efficacy_outcome": {
      "gpt-4o-mini": 0.5454545454545454,
      "llama-3.3-70b": 0.5454545454545454,
      "qwen-3-235b": 0.7272727272727273,
      "deepseek-v3": 0.8181818181818182
    },
    "maintenance_weeks_ge_12": {
      "gpt-4o-mini": 1.0,
      "llama-3.3-70b": 1.0,
      "qwen-3-235b": 1.0,
      "deepseek-v3": 1.0
    }
  }
}